Workbook

Sheet Legend
A1: Competitive Intelligence Tracker — Legend
A3: How to use this workbook
A4: Tracker tab | B4: Log one observation per row. Fill in every column except 'Entry ID', which is a formula and should not be edited.
A5: Dashboard tab | B5: Read-only. All values are formulas that summarize the Tracker tab automatically; do not type over any cell here.
A6: Cells to edit | B6: On the Tracker tab, edit only the light-yellow highlighted example row's columns as a model for your own rows: Competitor Name, Category, Observation, Source URL, Date Observed, Impact, Notes.
A7: Category values | B7: Use one of: Product, Pricing, Marketing, Digital Presence, Talent
A8: Impact values | B8: Use one of: High, Medium, Low
A9: Source Reliability | B9: Optional: rate using the A-F scale from osint-templates/operational-planning/source-verification-framework.md
A10: Adding competitors | B10: Simply add new rows to the Tracker tab; the Dashboard tab's formulas will pick up new competitor names automatically.
A12: Legal and ethical note | B12: This tracker is for logging publicly observable competitive intelligence only (public websites, ad transparency libraries, job postings, and similar sources). See osint-tools/business-intelligence/competitive-intelligence/README.md for the full list of legal and ethical notes before use.

Sheet Tracker
A1: Entry ID | B1: Competitor Name | C1: Category | D1: Observation | E1: Source URL | F1: Date Observed | G1: Impact (High/Med/Low) | H1: Source Reliability (A-F) | I1: Notes
A2: =ROW()-1 -> 1 | B2: Example Competitor Co. | C2: Pricing | D2: Reduced entry-tier subscription price by 15% and introduced a new mid-tier plan | E2: https://example-competitor.com/pricing | F2: 46174 | G2: High | H2: A | I2: Observed via direct pricing page monitoring; confirm against archived snapshot for exact prior price
A3: =ROW()-1 -> 2
A4: =ROW()-1 -> 3
A5: =ROW()-1 -> 4
A6: =ROW()-1 -> 5
A7: =ROW()-1 -> 6
A8: =ROW()-1 -> 7
A9: =ROW()-1 -> 8
A10: =ROW()-1 -> 9
A11: =ROW()-1 -> 10
A12: =ROW()-1 -> 11
A13: =ROW()-1 -> 12
A14: =ROW()-1 -> 13
... A29: =ROW()-1 -> 28

Sheet Dashboard
A1: Competitive Intelligence Dashboard
A3: Summary by Category
A4: Category | B4: Total Entries | C4: High Impact | D4: Medium Impact | E4: Low Impact
A5: Product | B5: =COUNTIF(Tracker!$C$2:$C$1000,A5) -> 0 | C5: =COUNTIFS(Tracker!$C$2:$C$1000,A5,Tracker!$G$2:$G$1000,"High") -> 0 | D5: =COUNTIFS(Tracker!$C$2:$C$1000,A5,Tracker!$G$2:$G$1000,"Medium") -> 0 | E5: =COUNTIFS(Tracker!$C$2:$C$1000,A5,Tracker!$G$2:$G$1000,"Low") -> 0
A6: Pricing | B6: =COUNTIF(Tracker!$C$2:$C$1000,A6) -> 1 | C6: =COUNTIFS(Tracker!$C$2:$C$1000,A6,Tracker!$G$2:$G$1000,"High") -> 1 | D6: =COUNTIFS(Tracker!$C$2:$C$1000,A6,Tracker!$G$2:$G$1000,"Medium") -> 0 | E6: =COUNTIFS(Tracker!$C$2:$C$1000,A6,Tracker!$G$2:$G$1000,"Low") -> 0
A7: Marketing | B7: =COUNTIF(Tracker!$C$2:$C$1000,A7) -> 0 | C7: =COUNTIFS(Tracker!$C$2:$C$1000,A7,Tracker!$G$2:$G$1000,"High") -> 0 | D7: =COUNTIFS(Tracker!$C$2:$C$1000,A7,Tracker!$G$2:$G$1000,"Medium") -> 0 | E7: =COUNTIFS(Tracker!$C$2:$C$1000,A7,Tracker!$G$2:$G$1000,"Low") -> 0
A8: Digital Presence | B8: =COUNTIF(Tracker!$C$2:$C$1000,A8) -> 0 | C8: =COUNTIFS(Tracker!$C$2:$C$1000,A8,Tracker!$G$2:$G$1000,"High") -> 0 | D8: =COUNTIFS(Tracker!$C$2:$C$1000,A8,Tracker!$G$2:$G$1000,"Medium") -> 0 | E8: =COUNTIFS(Tracker!$C$2:$C$1000,A8,Tracker!$G$2:$G$1000,"Low") -> 0
A9: Talent | B9: =COUNTIF(Tracker!$C$2:$C$1000,A9) -> 0 | C9: =COUNTIFS(Tracker!$C$2:$C$1000,A9,Tracker!$G$2:$G$1000,"High") -> 0 | D9: =COUNTIFS(Tracker!$C$2:$C$1000,A9,Tracker!$G$2:$G$1000,"Medium") -> 0 | E9: =COUNTIFS(Tracker!$C$2:$C$1000,A9,Tracker!$G$2:$G$1000,"Low") -> 0
A12: Summary by Competitor
A13: Competitor Name | B13: Total Entries | C13: High Impact | D13: Most Recent Entry Date
A14: Example Competitor Co. | B14: =COUNTIF(Tracker!$B$2:$B$1000,A14) -> 1 | C14: =COUNTIFS(Tracker!$B$2:$B$1000,A14,Tracker!$G$2:$G$1000,"High") -> 1 | D14: =_xlfn.MAXIFS(Tracker!$F$2:$F$1000,Tracker!$B$2:$B$1000,A14) -> 46174
A16: Note: Add a row here for each competitor name used in the Tracker tab, following the formula pattern in row 14.
